,Parameters,Depth,Embedding Dim,Mean (ms),Median (ms),IQR (ms)
0,5717416,12,192,7.922564430710096,7.757219500490464,0.3446727496339008
1,22059496,12,384,20.99606897904992,20.967139500498888,0.9906102495733649
2,86585320,12,768,65.4250536586264,65.57869099924574,0.9585759999026777
3,304374760,24,1024,220.25746494624843,220.36826600015047,1.2332209989835974
