,Parameters,Depth,Embedding Dim,Mean (ms),Median (ms),IQR (ms)
0,22056576,12,384,26.95243755920503,26.937923990772106,0.10692799696698785
1,86580480,12,768,85.44905551017554,85.43607749743387,0.195877997612115
2,304368640,24,1024,284.49622051768273,284.3974650022574,3.389169985894114
3,1136480768,40,1536,1000.0348379981006,996.5040060051251,5.92380300804507
